[{"@type":"mappingTemplate","id":"@1","name":"m_ff_ff","description":"","bundleVersion":"0","assetFrsGuid":"6W0CmolYcUoeAmqFcm2IoA","templateId":"@3","deployTime":1733895196000,"hasParameters":false,"valid":true,"fixedConnection":true,"hasParametersDeployed":false,"fixedConnectionDeployed":true,"isSchemaValidationEnabled":false,"tasks":0,"mappingPreviewFileRecordId":"@2","documentType":"MAPPING","references":[{"@type":"reference","refObjectId":"@8lBeeRGOfGodNsItQ5BZoe","refType":"connection"}]}]