[{"@type":"mappingTemplate","id":"@1","name":"m_oracle_sqlserver","description":"","bundleVersion":"0","assetFrsGuid":"4pxTILgWn2OhCvAeW84nus","templateId":"@3","deployTime":1734522799000,"hasParameters":false,"valid":true,"fixedConnection":true,"hasParametersDeployed":false,"fixedConnectionDeployed":true,"isSchemaValidationEnabled":false,"tasks":1,"mappingPreviewFileRecordId":"@2","documentType":"MAPPING","references":[{"@type":"reference","refObjectId":"@8U4ysgnCOItg9B4P5aasG6","refType":"connection"},{"@type":"reference","refObjectId":"@a5gbR3MsGYDlESw7hYSpWt","refType":"connection"}]}]