[{"@type":"fileRecord","id":"@5","name":"request","type":"XSD","size":6474,"attachTime":1731049199000},{"@type":"fileRecord","id":"@6","name":"response","type":"XSD","size":8271,"attachTime":1731049199000},{"@type":"fileRecord","id":"@4","name":"metadata","type":"JSON","size":3616,"attachTime":1731049199000},{"@type":"fileRecord","id":"@3","name":"fault","type":"XSD","size":6461,"attachTime":1731049199000},{"@type":"fileRecord","id":"@2","name":"extension","type":"XML","size":27810,"attachTime":1731049199000}]